url,label
123rf.com,0
20minutos.es,0
3ds.com,0
4shared.com,0
abc.es,0
abc.net.au,0
abcnews.go.com,0
about.com,0
aboutads.info,0
abril.com.br,0
academia.edu,0
accounts.google.com,0
addthis.com,0
addtoany.com,0
adobe.com,0
ads.google.com,0
adssettings.google.com,0
afternic.com,0
airbnb.com,0
akamaihd.net,0
alicdn.com,0
aliexpress.com,0
amazon.ca,0
amazon.co.jp,0
amazon.co.uk,0
amazon.com,0
amazon.de,0
amazon.es,0
amazon.fr,0
amazon.it,0
amazonaws.com,0
ameblo.jp,0
amzn.to,0
android.com,0
answers.com,0
aol.com,0
apache.org,0
apple.com,0
archive.org,0
aruba.it,0
arxiv.org,0
as.com,0
asahi.com,0
asus.com,0
automattic.com,0
azurefd.net,0
bandcamp.com,0
barnesandnoble.com,0
bbc.co.uk,0
bbc.com,0
behance.net,0
bfmtv.com,0
bild.de,0
bing.com,0
bit.ly,0
blackberry.com,0
bloglovin.com,0
bloomberg.com,0
booking.com,0
books.google.com,0
bp.blogspot.com,0
bp0.blogger.com,0
bp1.blogger.com,0
bp2.blogger.com,0
brandbucket.com,0
britannica.com,0
business.google.com,0
businessinsider.com,0
buydomains.com,0
buzzfeed.com,0
ca.gov,0
calameo.com,0
cambridge.org,0
canada.ca,0
canva.com,0
cbc.ca,0
cbslocal.com,0
cbsnews.com,0
cdc.gov,0
change.org,0
chaturbate.com,0
clarin.com,0
clickbank.net,0
cloudflare.com,0
cnbc.com,0
cnet.com,0
cnil.fr,0
cnn.com,0
code.google.com,0
cointernet.com.co,0
cornell.edu,0
correios.com.br,0
corriere.it,0
cpanel.com,0
cpanel.net,0
creativecommons.org,0
cutt.ly,0
dailymail.co.uk,0
dailymotion.com,0
dailystar.co.uk,0
dan.com,0
de.wikipedia.org,0
deezer.com,0
dell.com,0
detik.com,0
developers.google.com,0
discord.com,0
discord.gg,0
disqus.com,0
docs.google.com,0
doi.org,0
domainmarket.com,0
doubleclick.net,0
dovendi.com,0
draft.blogger.com,0
dreamstime.com,0
dribbble.com,0
drive.google.com,0
dropbox.com,0
dropcatch.com,0
dw.com,0
ea.com,0
ebay.co.uk,0
ebay.com,0
economist.com,0
ehow.com,0
elmundo.es,0
elpais.com,0
en.wikipedia.org,0
enable-javascript.com,0
engadget.com,0
eonline.com,0
es.wikipedia.org,0
espn.com,0
estadao.com.br,0
europa.eu,0
eventbrite.com,0
example.com,0
expireddomains.com,0
express.co.uk,0
facebook.com,0
fandom.com,0
fb.com,0
fda.gov,0
feedburner.com,0
fifa.com,0
files.wordpress.com,0
finance.yahoo.com,0
firefox.com,0
focus.de,0
forbes.com,0
forms.gle,0
fortune.com,0
foxnews.com,0
fr.wikipedia.org,0
francetvinfo.fr,0
frontiersin.org,0
ft.com,0
g.co,0
geocities.com,0
get.google.com,0
getbootstrap.com,0
ggpht.com,0
github.com,0
gizmodo.com,0
globo.com,0
gmail.com,0
gnu.org,0
godaddy.com,0
gofundme.com,0
goo.gl,0
goodreads.com,0
google.ca,0
google.co.id,0
google.co.in,0
google.co.jp,0
google.co.uk,0
google.com.br,0
google.de,0
google.es,0
google.fr,0
google.it,0
google.nl,0
google.pl,0
google.ru,0
googleblog.com,0
googleusercontent.com,0
gravatar.com,0
greenpeace.org,0
groups.google.com,0
gstatic.com,0
guardian.co.uk,0
harvard.edu,0
hatena.ne.jp,0
hilton.com,0
hindustantimes.com,0
hm.com,0
hollywoodreporter.com,0
home.pl,0
hotmart.com,0
house.gov,0
hp.com,0
huawei.com,0
hubspot.com,0
huffingtonpost.com,0
huffpost.com,0
hugedomains.com,0
ibm.com,0
icann.org,0
id.wikipedia.org,0
ig.com.br,0
ign.com,0
ikea.com,0
imageshack.us,0
imdb.com,0
independent.co.uk,0
indiatimes.com,0
insider.com,0
instagram.com,0
instructables.com,0
intel.com,0
interia.pl,0
ipv4.google.com,0
issuu.com,0
istockphoto.com,0
it.wikipedia.org,0
itch.io,0
ja.wikipedia.org,0
jimdofree.com,0
jotform.com,0
kickstarter.com,0
kompas.com,0
latimes.com,0
lavanguardia.com,0
lazada.co.id,0
lefigaro.fr,0
legifrance.gouv.fr,0
lemonde.fr,0
leparisien.fr,0
lexpress.fr,0
line.me,0
linkedin.com,0
linktr.ee,0
list-manage.com,0
live.com,0
liveinternet.ru,0
loc.gov,0
m.wikipedia.org,0
mail.google.com,0
mail.ru,0
mailchi.mp,0
maps.google.com,0
marca.com,0
marketingplatform.google....,0
marketwatch.com,0
mashable.com,0
mdpi.com,0
mediafire.com,0
medium.com,0
mega.nz,0
merriam-webster.com,0
messenger.com,0
metro.co.uk,0
microsoft.com,0
mirror.co.uk,0
mit.edu,0
mozilla.com,0
mozilla.org,0
msn.com,0
my.yahoo.com,0
myaccount.google.com,0
mynavi.jp,0
myspace.com,0
mystrikingly.com,0
namebright.com,0
namecheap.com,0
nasa.gov,0
nationalgeographic.com,0
nature.com,0
naver.com,0
nbcnews.com,0
ndtv.com,0
netflix.com,0
netlify.app,0
netvibes.com,0
networkadvertising.org,0
news.com.au,0
news.google.com,0
news.yahoo.com,0
newsweek.com,0
newyorker.com,0
nginx.com,0
nginx.org,0
nhk.or.jp,0
nicsell.com,0
nih.gov,0
nintendo.com,0
npr.org,0
nydailynews.com,0
nymag.com,0
https://search02-mobile.de/,1
https://gov.pcnlast.top/make-a-payment/,1
https://globeshopping001.top/,1
https://coinbase.sendsafely.com/d/client-services-files/B2B-01435461,1
https://coinbase.sendsafely.com/dropzone/client-services-files/B2B-01435461,1
https://globeshopping002.top/,1
https://globeshopping003.top/,1
https://primeira-venda-na-shopee-alppxodyjxhmny55.builder-preview.com/,1
https://www.eventolaracastilho.com.br/cadastro,1
http://itrustcaptllogin.webflow.io/,1
https://cashmoniq.com/FKyLQMS1,1
https://coinabseeprooloigini.godaddysites.com/,1
https://www.coinabseeprooloigini.godaddysites.com/,1
https://paintcakeswap.com/,1
https://derivetivaex.cc/,1
http://ordinary-copy-627769.framer.app/,1
https://ffbell-three.vercel.app/,1
https://www.wallet-connector-main.vercel.app/,1
http://vipposb.vip/,1
https://www.vakifgiris-guvenlik.vercel.app/,1
http://kinsqarlogzn.webflow.io/,1
https://whatsjxj.cc/,1
https://ipfs.io/ipfs/bafkreiay3xxb67pci6ydrhowd5oexykwtrg7s532gtqqvbnuamt6f4m5j4,1
https://ipfs.io/ipfs/bafybeifmfhknjy3y5q23qwgiygywdoy4vya6jzgjstvhtfzj4a5c634xbm/office3655.html,1
https://ubi-cloud.info/aU3V6696/?iocsVwl8993Imbqz0z1xXfn4ltIeB2M5GYpRZ4NzolO1jS72WFG2Kv3Cbw8sonYRQOnf1o2I2lYxxet9UbxWuhYcvJBBxl6oFEbaRAG8TY3RdYyF85rnKC9AijoK0e1CkoxbGF87HQW8gwHsyhCefKvGoGyOTlTGE8YFCRtuvr,1
https://ubi-cloud.info/?i=49ysu,1
http://f.digitalmaillane.com/igit/4/amt82jxMjalzn7q1hbMldsMw9bsgkM0bgMdd5Mo1MhMa,1
http://matexglobalsourcinghub.com/,1
http://matexinternationallogistics.com/,1
http://matexworldwideexpress.com/,1
https://ipfs.io/ipfs/bafkreiblxzj64mpesbxae6kkhwkmqa6e47mvjewlejqdpsb2hcbq5hqzgu,1
https://ebaycvbu.top/product/excellent-condition-gucci-bi-fold-wallet-ophidia-gg-supreme-from-japan,1
https://ebaycvbu.top/product/vintage-gucci-long-wallet-sherry-gg-supreme-leather-brown-purse-authentic-sFdZ0,1
https://ebaycvbu.top/product/gucci-canvas-wallet-gg-marmont-limited-edition-purse-577347-4uwEN,1
https://ebaycvbu.top/product/gucci-ophidia-gg-supreme-shoulder-bag-purse-sherry-navy-box-vintage-authentic,1
https://tkmallalliancen13.top/wap/,1
https://tkmallalliancen14.top/wap/,1
https://trkamu.net/,1
https://help-trezo-or-brid-ge.typedream.app/,1
https://producbank.iceiy.com/,1
https://villanyiborfesztival.hu/study/in/online/_nuxt/login.php,1
https://villanyiborfesztival.hu/study/in/online/_nuxt/information.php?access.x18373766347&&data.x=en_1d0c1ea6659726466a10692be,1
https://14525412541236592.duckdns.org/,1
http://refund-advertising-meta.surge.sh/accountMeta,1
https://tkmallalliancen13.top/,1
https://tkmallalliancen14.top/,1
https://aee98h2wh89uw29j9wjejwjisjusuidocumentshare.control-insitu.com/,1
http://350524.xyz/E3uu3943i3iDEhrhhr3WWheh.html,1
https://www.coinbaseloginn.blogspot.mx/,1
https://res.gouchiodo.sa.com/GuY0XcrUcfKsaxR7YjJ@4vwA/,1
https://www.produbanc0nlinetrop.vercel.app/,1
http://www.agente-outlook.de.cool/,1
https://grunter.ru.com/E3uu3943i3iDEhrhhr3WWheh.html,1
https://bongbigutsy.digital/,1
http://www.ekodimadudown.digital/,1
https://pc.whatsiew.cc/wp-includes/Text/about.php7,1
https://pc.whatseqs.cc/,1
http://www.0qb73a.com/,1
https://pc.whatssyg.cc/i/home.html,1
https://pc.whatsquw.cc/i/home.html,1
https://pc.whatssoo.cc/i/home.html,1
https://pc.whatswau.cc/_layouts/15/spinstall0.aspx,1
https://pc.whatslpn.cc/wp-includes/Text/about.php7,1
https://pc.whatsick.cc/wp-includes/Text/about.php7,1
https://pc.whatsumc.cc/i/home.html,1
https://dpd.express-ak.top/uk/,1
https://lnk.ink/kaile,1
https://pc.whatsuyk.cc/i/home.html,1
https://llntermatics.onlinet.life/index.html,1
https://pc.whatsisq.cc/wp-includes/Text/about.php7,1
https://pc.whatsmge.cc/wp-includes/Text/about.php7,1
https://pc.whatsqga.cc/i/home.html,1
https://pc.whatssai.cc/i/home.html,1
https://pc.whatsuqu.cc/i/home.html,1
http://whatsjxj.cc/wp-includes/Text/about.php7,1
https://pc.whatsuym.cc/i/home.html,1
https://pc.whatsuqc.cc/i/home.html,1
https://pc.whatsway.cc/_layouts/15/spinstall0.aspx,1
https://pc.whatssgy.cc/i/home.html,1
https://whatsqcq.cc/i/home.html,1
https://iternati.lat/,1
https://pc.whatsswi.cc/i/home.html,1
https://bdpasifico.alwaysdata.net/,1
https://pc.whatsqcs.cc/i/home.html,1
https://pc.whatsrhh.cc/i/home.html,1
http://whatshbt.cc/wp-includes/Text/about.php7,1
https://pc.whatsqow.cc/i/home.html,1
https://ndaxllogin.pages.dev/,1
http://portal--m-oauth-ndax-webflow.webflow.io/,1
https://optimalog.login-support.ru/__p__/https/mail.optimalog.ru/owa/auth/logon.aspx?replaceCurrent=1&url=https%3a%2f%2fmail.optimalog.ru%2fowa%2f,1
http://optimalog.login-support.ru/,1
https://remindeertsuperiority-updated-groswc82ut.edgeone.app/tyhuky.htm,1
https://onlinemailstorage.com/cl87346f254/6e732d2550c25050c3c419b0/index.php?id=228758f5e30bbfbb723900727b18650c,1
https://lad28.top/,1
http://unirccwap.cc/,1
http://uniccrwap.cc/,1
https://app-uniswcp-v3.com/,1
https://kad98.top/,1
https://www.uyiniswap.com/,1
https://uniytboned.com/,1
https://app-uniswcp-v1.com/,1
https://app-uniswcp-launch-v5.com/,1
http://tiktoeghjg.com/,1
https://melodious-bombolone-cc6392.netlify.app/,1
https://tlinkokk.top/,1
https://assets.pubpub.org/gbb5op44/tiktok-71730948558683.html,1
http://tk29.b9q9c0.shop/,1
https://vccaswk.com/,1
https://get-tiktok.com/17364878/username.php,1
https://www.mediasupportteam.com/form/-1002067293014/,1
http://a1.hb1p.com/,1
https://0416b72d-0fd0-4899-8eec-55780ed29654-00-1nfxpls5b7y80.kirk.replit.dev/?fbclid=IwY2xjawNbdMZleHRuA2FlbQIxMABicmlkETFHQjg5a2hpOEo3N1k4ODQ5AR7CvCqrxbFTovB6jJ69cSHSjCB3ekkv5pAPakxGSChiYIkZWVdbNkmeZxs6qg_aem_8ED8BQAlI8zdp1Wrzjbkpg,1
https://agente-outlook.de.cool/index.html,1
https://produbanc0nlinetrop.vercel.app/?fbclid=IwY2xjawNbUYZleHRuA2FlbQIxMABicmlkETFBOTFVTGhrYm5kU1lOUjRYAR4FkQimWXq4HV_GCiFpoF9SLYuP--3ZEsuCqmL5yfRZpQzeretQBy3OEt_LGQ_aem_UAw_pj5mk5R3oc4BWyTOlA,1
https://www.gtinteriors.net/,1
https://www.hbccontsr.com/,1
https://www.safe.verticalga.com/,1
http://s3.ap-northeast-3.amazonaws.com/5s3.ap-northeast-3.amazonaws.com-docu-yytgf556787yyhgt52/abssharefileoooyhggg0080006gg.html,1
http://secure-trez0r-io-get.typedream.app/,1
https://produbanc0ec.wuaze.com/,1
https://precoschoques-yior.site/inicio/,1
https://eng-trezo-startio.netlify.app/,1
https://e-toki.com/login.php/,1
https://agent.shiolorio.ru.com/lylD82ApVB!D9ufgMec8aLKi/$3mail@a.b.c0,1
https://lazordmedia.com/.popingan/wagwanson,1
https://yogeshnaru.github.io/Amazon-clone,1
https://asdbavbsdasdakja.click/,1
http://vippos.click/bank,1
https://mandarin.lasalsamilonga.info/49-1268-130525/?u=12C1268&e=3mail@a.b.c0&s3=&s4=&s5=&s6=&s7=&s8=,1
https://simulacaocredito.info/analise/14-1/,1
https://yahoomail2.godaddysites.com/,1
https://www.yahoomail2.godaddysites.com/,1
https://gov-dwpqdb.top/uk,1
http://refund-advertising-meta.surge.sh/account61580050738171,1
https://votre-conseiller.surge.sh/,1
http://kuyxkanlogin.webflow.io/,1
http://netcoislogin-net.webflow.io/,1
https://microsoft.design/articles/start-fresh-redesigning-windows-start-menu/,1
https://feiraodeoutubro2025.github.io/j25/,1
https://secure-upheld-page.pages.dev/,1
https://utkarsh-mauryaa.github.io/NetflixUI_Project/,1
https://basdga04.github.io/danaisa/,1
https://pub-a05052f21b2c4d8da177bc97c77fa992.r2.dev/index.html?60a436eafbf197d0f3b8c34e4464f9,1
http://hkpdsfstky.duckdns.org/ja/,1
https://squirerentals.com/upload/en.php?email=,1
https://mint-nftbox07-chi.vercel.app/,1
https://vipposb.vip/bank,1
http://kaoi-casefb084280.vercel.app/,1
http://f.digitalmaillane.com/igit/4/53n5bcuPt48stcv6mgPqixP2eu2x4gP5glPhiaPt6PmPf,1
https://app-67ee16c2c1ac1810207ed90d.closte.com/wp-content/uploads/2025/10/fr-85632s56qd8q7s6d453/redirect.php,1
https://lightyellow-dotterel-255560.hostingersite.com/public/upload/antai/redirect,1
https://leticiamaca.github.io/Recriando-a-pagina-do-instagram/,1
https://murtuja43.github.io/facebook-clone.github.io/,1
https://rocky70125.github.io/Social-Media/,1
https://www.roblox.tc/users/1576189965/profile,1
https://www.roblox.tc/games/90260166986922/Neko-Outbreak-63?privateServerLinkCode=32450739618257576526420714999432,1
https://www.roblox.tc/users/1650259200/profile,1
https://www.roblox.tc/games/14153443454/Meet-a-neko?privateServerLinkCode=86417855564966570601148649218241,1
https://www.roblox.tc/games/87206555365816/Dollhouse-Roleplay-Modded-BACK?privateServerLinkCode=71529218401190750331534188560664,1
https://327893276843.netlify.app/,1
https://www.roblox.tc/games/88270880256027/WORKING-SUSSY-SWAP-SIMULATOR-2?privateServerLinkCode=58081094282951956029777835635080,1
https://www.roblox.tc/games/135584994052780/AI-Talk-With-Neko?privateServerLinkCode=08413143472818728296023391015787,1
https://www.roblox.tc/games/76106209840076/Weird-Neko-Untitled-Game?privateServerLinkCode=13537921365426259357523737729058,1
https://www.roblox.com.vc/games/15205861020/Taho?privateServerLinkCode=40220783659086417204092771087508,1
https://www.roblox.tc/games/142823291/Murder-Mystery-2?privateServerLinkCode=04830190047369293408278139882682,1
https://www.roblox.com.vc/games/12886143095/Tokyo-Ghoul-QoL-Anime-Last-Stand?privateServerLinkCode=84469134264638217316673367364265,1
https://www.roblox.tc/games/127742093697776/Plants-Vs-Brainrots?privateServerLinkCode=21409272151831953883040609307523,1
https://www.roblox.tc/communities/8745361804/teagertsalol,1
https://www.roblox.tc/communities/7779463490/HowToRoblox-Group,1
https://www.roblox.com.vc/games/126884695634066/Grow-a-Garden?privateServerLinkCode=88399577178392375762607822654166,1
https://www.roblox.tc/communities/2545482608/GrouchysUGC,1
https://www.roblox.com.vc/games/127742093697776/Plants-Vs-Brainrots?privateServerLinkCode=47493030072589928831867283602211,1
https://www.roblox.com.vc/games/105725659345943/I-Am-Cat-Escape-from-Grannys-House?privateServerLinkCode=29629125429352305496251227302761,1
https://www.roblox.com.vc/games/102168567330694/Character-Talk?privateServerLinkCode=01694076948993329130586418335438,1
https://www.roblox.com.vc/games/15270075091/?privateServerLinkCode=25539212065815210280155617122313,1
https://www.roblox.com.vc/games/109983668079237/Steal-a-Brainrot?privateServerLinkCode=45082956360453643046891180630632,1
https://www.roblox.com.vc/communities/6303294948/ZennYTOFFICIAL,1
https://www.roblox.com.ml/games/87039211657390/HALLOWEEN-Arise-Crossover?privateServerLinkCode=42454397221673564687240206875728,1
https://www.roblox.com.ml/games/16732694052/Fisch-ANNIVERSARY?privateServerLinkCode=28313365126952009246543021733986,1
https://www.roblox.com.vc/games/113307349707860/NekoNime-BETA?privateServerLinkCode=33010125041713565248168619655878,1
https://www.roblox.com.ml/users/1041789408/profile,1
https://www.roblox.com.vc/communities/9437439340/Asylum-Life-community,1
https://www.roblox.com.ml/games/77182599101794/4nn1s-Place?privateServerLinkCode=87330924578233314791747515245093,1
https://www.roblox.com.vc/communities/5903429683/unset,1
https://www.roblox.com.ml/games/13772394625/Blade-Ball?privateServerLinkCode=28313365126952009246543021733986,1
https://www.roblox.com.ml/games/16732694052/Fisch?privateServerLinkCode=35634205042278434369918411983306,1
https://www.roblox.com.vc/communities/779108321/Fan-Artist,1
https://www.roblox.com.vc/communities/3041064611/Kazuiii,1
https://www.roblox.com.vc/communities/153477297/ZeyaThreads,1
https://www.roblox.com.vc/communities/3665951371/ganzi0,1
https://www.roblox.com.ml/games/2753915549/Event-Blox-Fruits?privateServerLinkCode=28313365126952009246543021733986,1
https://www.roblox.com.vc/communities/26158331/fantasy,1
https://www.roblox.com.ml/games/126884695634066/Grow-a-Garden?privateServerLinkCode=66793287834511201082600638331873,1
https://www.roblox.com.ml/communities/8703973738/YUMI-COMMUNITY,1
https://www.robiox.com.tg/games/10974477831/Mysterious-Place?privateServerLinkCode=001256112124811511406247353504,1
https://www.roblox.com.ml/communities/8027380749/robuxgroup,1
https://www.robiox.com.tg/games/105555311806207/Build-a-ZooFish?privateServerLinkCode=095853174697132061854362055139,1
https://www.roblox.com.ml/communities/2152309615/rls,1
https://www.roblox.com.ml/games/109983668079237/Steal-a-Brainrot?privateServerLinkCode=47548842260043123321472649476155,1
https://www.robiox.com.tg/games/107652936251047/SOON-Reverse-Woman-Repellant?privateServerLinkCode=658890394426602665512268487568,1
https://www.roblox.com.ml/games/115667188734034/?privateServerLinkCode=39616613660953660870079777693002,1
https://www.roblox.com.ml/communities/624203582/Dreamy-Angel,1
https://www.robiox.com.ua/users/560522459/profile,1
https://www.roblox.com.ml/communities/3665951371/ganzio,1
https://www.roblox.com.ml/communities/2139361910/Azaksi-Community,1
https://www.roblox.com.ml/communities/3715038124/VirtualityWorld,1
https://www.robiox.com.ua/users/5568366183/profile,1
https://www.roblox.com.ml/communities/26158331/FantasyUGC,1
https://www.robiox.com.ua/users/1370831435/profile,1
https://www.robiox.com.ua/users/3345611999/profile,1
https://www.robiox.com.ua/users/3847655696/profile,1
https://www.robiox.com.ua/users/2117479661/profile,1
https://www.robiox.com.ua/games/13831863192/Neko-Infection-GUBBY-NEKO?privateServerLinkCode=67142696921664684343603181545668,1
https://www.robiox.com.ua/games/11458003847/Xayezi-Hangout-Vibe-Place-Mic-up?privateServerLinkCode=32718313217100905384095220911346,1
https://www.robiox.com.ua/games/920587237/Adopt-Me?privateServerLinkCode=36903500197286509827722327623711,1
https://www.robiox.com.ua/users/1243690708/profile,1
https://www.robiox.com.ua/games/14024789662/A-r34-gaem-READ-DESC?privateServerLinkCode=80053020960536892416911736020067,1
https://www.robiox.com.ua/games/107652936251047/EVENT-Reverse-Woman-Repellant?privateServerLinkCode=29629125429352305496251227302761,1
https://www.robiox.com.ua/games/127742093697776/Plants-Vs-Brainrots?privateServerLinkCode=03210110943395965770933354352589,1
https://www.robiox.com.ua/games/109983668079237/Steal-a-Brainrot?privateServerLinkCode=39083799041359763417621285710870,1
https://www.robiox.com.ua/games/126884695634066/Grow-a-Garden?privateServerLinkCode=60338898509261474526854473020632,1
https://www.robiox.com.am/users/7552221366/profile,1
https://www.robiox.com.am/users/6892355627/profile,1
https://www.robiox.com.am/users/4426700767/profile,1
https://shrt.lat/oPXUD,1
https://www.robiox.com.am/users/445232456/profile,1
https://shrt.lat/vAbXM,1
https://www.robiox.com.am/users/4741189575/profile?privateServerLinkCode=70765546157649273421062123607985,1
https://shrt.lat/gBPUW,1
https://wwvw-roblox.com/users/938102897/profile,1
https://www.robiox.com.ua/communities/4183949668/IMNOT-Studio,1
https://shrt.lat/oTPcS,1
https://shrt.lat/fuDyj,1
https://shrt.lat/cllsJ,1
https://shrt.lat/fiVjF,1
https://www.robiox.com.am/users/1385890291/profile,1
https://shrt.lat/XNGqd,1
https://shrt.lat/ZSyvM,1
https://shrt.lat/PZEIE,1
https://shrt.lat/NbCrg,1
https://www.robiox.com.am/users/3530366660/profile,1
https://www.robiox.com.am/users/3054179743/profile,1
https://www.robiox.com.am/games/81861155741957/Fun-Combat-Undertale-event?privateServerLinkCode=65733188243440673271781762528738,1
https://shrt.lat/AgXDr,1
https://www.robiox.com.am/games/76106209840076/Weird-Neko-Untitled-Game?privateServerLinkCode=82904708819135984126058441793717,1
https://www.robiox.com.am/games/131764904553992/Meet-Your-Neko-Stacy-Update?privateServerLinkCode=82904708819135984126058441793717,1
https://www.robiox.com.am/communities/4842778597/Artistique,1
https://www.robiox.com.am/games/2753915549/UPDATE-Blox-Fruits?privateServerLinkCode=74457820261842037909343154072836,1
https://www.robiox.com.am/users/890556873/profile,1
https://www.robiox.com.am/games/14153443454/Meet-a-neko?privateServerLinkCode=88366169218765929428489401487517,1
https://shrt.lat/hefru,1
https://www.robiox.com.am/communities/3139192103/Thefixds,1
https://roblox.tc/games/9872472334/Evade?privateServerLinkCode=28586991372002819427568847834613,1
https://www.robiox.com.am/communities/1717646415/grveyrds,1
https://roblox.tc/users/2527525628/profile,1
https://roblox.tc/users/7643981949/profile,1
https://roblox.tc/users/9018915488/profile,1
https://roblotx.com/users/832668194/profile,1
https://roblox.tc/communities/9442828240/Almaraket,1
https://roblox.tc/communities/6514438931/VIP-Community,1
https://roblox.com.vc/users/613966793/profile,1
https://roblox.tc/communities/4183949668/ADORStudio,1
https://roblox.tc/games/109983668079237/Steal-a-Brainrot?privateServerLinkCode=11785002288393756828519739785973,1
https://roblox.tc/communities/2319943998/Blox-Forest,1
https://roblox.com.tg/users/7125519574/profile,1
https://roblotx.com/users/1506209134/profile,1
https://roblox.com.tg/users/6668520211/profile,1
https://roblotx.com/users/1539677531/profile,1
https://shrt.lat/Iwntn,1
https://r.oblox.com.kz/games/2753915549/Blox-Fruits?privateServerLinkCode=96614729681849927647801205793898,1
https://roblotx.com/users/1408644720/profile,1
https://roblox.com.tg/users/5014326981/profile,1
https://roblox.com.ml/games/88647471069032/Neko-Line-Simulator?privateServerLinkCode=38686420776001887645184392452348,1
https://roblxcom.github.io/,1
https://roblotx.com/games/126884695634066/Grow-a-Garden?privateServerLinkCode=89754727756656878897761375899340,1
https://roblotx.com/users/1408514293/profile,1
https://roblox.com.ml/users/9185902031/profile,1
https://roblox.com.tg/communities/9262028436/AlvinBilat,1
https://roblotx.com/users/174440895/profile,1
https://inlnk.co/mCvmx,1
https://roblotx.com/users/1149899079/profile,1
https://roblox.com.tg/communities/3534302254/VOLTRAGEPLAYERS,1
https://roblotx.com/users/1227299969/profile,1
https://nlink.at/iOIQ,1
https://inlnk.co/qrLzH,1
https://inlnk.co/StkbD,1
https://clik.now/pJmZ,1
https://roblox.com.ml/games/88270880256027/WORKING-SUSSY-SWAP-SIMULATOR-2?privateServerLinkCode=28754703996268070806420744939287,1
https://roblox.com.ml/users/1043993178/profile,1
http://www.tinyurl.com/rblx-vip-server/,1
https://httpls-www-roblox.com/users/1411586526/profile,1
https://httpls-www-roblox.com/users/1342471186/profile,1
https://roblotx.com/users/745755131/profile,1
https://robiox.com.am/games/109983668079237/Steal-a-Brainrot?privateServerLinkCode=75199930729162956437430278832451,1
https://roblotx.com/users/2115671690/profile,1
http://www.robiox.com.tg/users/448254094966/profile,1
http://www.robiox.com.tg/users/493641197662/profile,1
http://www.robiox.com.tg/users/372202295587/profile/,1
https://www.robiox.com.ua/users/5276087801/profile,1
https://nlink.at/QP02,1